{
  "best_score": 0.06737873765955572,
  "best_params": "max_f=500, ngram=(1, 2), min_df=3",
  "avg_similarity": 0.042167021061270085,
  "matrix_density": 0.1262060763888889,
  "success_rate": 0.85,
  "model_type": "automl"
}