{
  "matrix_density": 0.039911284722222225,
  "avg_similarity": 0.02508583195306625,
  "max_similarity": 1.0000000000000007,
  "min_similarity": 0.0,
  "success_rate": 1.0,
  "model_type": "baseline"
}