{
  "matrix_density": 0.03987647569444445,
  "avg_similarity": 0.025079519558142027,
  "max_similarity": 1.0000000000000007,
  "min_similarity": 0.0,
  "success_rate": 1.0,
  "model_type": "baseline"
}