{
  "models": {
    "baseline": {
      "matrix_density": 0.03987647569444445,
      "avg_similarity": 0.025079519558142027,
      "max_similarity": 1.0000000000000007,
      "min_similarity": 0.0,
      "success_rate": 1.0,
      "model_type": "baseline"
    },
    "automl": {
      "best_score": 0.06737873765955572,
      "best_params": "max_f=500, ngram=(1, 2), min_df=3",
      "avg_similarity": 0.042167021061270085,
      "matrix_density": 0.1262060763888889,
      "success_rate": 0.85,
      "model_type": "automl"
    },
    "custom": {
      "matrix_density": 0.007534375,
      "avg_similarity": 0.014227106077656341,
      "max_similarity": 1.0000000000000009,
      "min_similarity": 0.0,
      "success_rate": 1.0,
      "model_type": "custom"
    }
  },
  "best_model": "baseline",
  "best_score": 1.0,
  "comparison_date": "2025-11-26T15:21:16.774975"
}