{
  "models": {
    "baseline": {
      "matrix_density": 0.039911284722222225,
      "avg_similarity": 0.02508583195306625,
      "max_similarity": 1.0000000000000007,
      "min_similarity": 0.0,
      "success_rate": 1.0,
      "model_type": "baseline"
    },
    "automl": {
      "best_score": 0.06738702170180658,
      "best_params": "max_f=500, ngram=(1, 2), min_df=1",
      "avg_similarity": 0.042169703621628446,
      "matrix_density": 0.12622743055555555,
      "success_rate": 0.85,
      "model_type": "automl"
    },
    "custom": {
      "matrix_density": 0.007550347222222222,
      "avg_similarity": 0.014230946011377869,
      "max_similarity": 1.000000000000001,
      "min_similarity": 0.0,
      "success_rate": 1.0,
      "model_type": "custom"
    }
  },
  "best_model": "baseline",
  "best_score": 1.0,
  "comparison_date": "2025-11-20T01:21:59.699388"
}